battery_health,purchase_year,battery_cycles,damage_percent,iphone_version,price
94,2021,286,10.46,iPhone SE (2nd Gen),8877
60,2018,338,41.32,iPhone SE (3rd Gen),2000
80,2020,626,21.23,iPhone 13,7678
70,2020,466,1.5,iPhone 13 Pro,10425
92,2021,924,0.41,iPhone 13,14140
75,2018,229,29.97,iPhone 13 Pro,2000
86,2018,431,46.33,iPhone 15,2000
82,2023,909,5.29,iPhone SE (3rd Gen),12866
94,2022,409,23.71,iPhone 13,24665
85,2023,464,16.15,iPhone 14,31918
69,2020,280,21.19,iPhone SE (2nd Gen),3253
82,2019,967,13.26,iPhone SE (2nd Gen),2000
75,2022,778,2.83,iPhone 13 Pro,21828
78,2021,698,5.49,iPhone 14,14906
69,2018,253,30.19,iPhone 12,2000
82,2021,613,3.25,iPhone 12 Pro,16748
94,2021,587,17.1,iPhone 14,18955
65,2023,710,6.42,iPhone SE (2nd Gen),8954
86,2020,827,2.54,iPhone 15,9503
77,2018,721,1.08,iPhone 13,2000
80,2021,615,15.55,iPhone 14,15672
71,2021,122,4.37,iPhone 15,16822
96,2019,747,35.46,iPhone 11 Pro,2000
70,2023,474,35.43,iPhone 12 Pro,25178
85,2018,938,31.95,iPhone SE (3rd Gen),2000
97,2018,359,22.71,iPhone SE (3rd Gen),2000
87,2020,496,6.65,iPhone 15,12718
79,2023,793,41.37,iPhone 13,22652
63,2019,502,28.28,iPhone 15,2346
74,2023,118,15.89,iPhone 14,27696
84,2020,248,14.56,iPhone 14 Pro,12922
90,2020,793,18.01,iPhone SE (3rd Gen),2920
61,2018,423,41.52,iPhone 14 Pro,2000
75,2023,747,25.99,iPhone 11,11980
62,2019,910,19.87,iPhone 14,2000
60,2018,634,19.4,iPhone 13 Pro,2000
90,2021,560,24.41,iPhone 11,8980
67,2020,333,48.32,iPhone 11,2609
90,2022,467,0.95,iPhone 11,14802
67,2021,896,5.96,iPhone SE (2nd Gen),2442
60,2021,180,4.02,iPhone 15 Pro,16599
65,2018,725,17.73,iPhone SE (2nd Gen),2000
63,2023,502,20.57,iPhone 14,23206
87,2022,611,1.58,iPhone 13 Pro,27521
83,2019,436,41.98,iPhone 12,2000
60,2020,863,21.07,iPhone 15 Pro,5816
78,2023,172,40.64,iPhone 14 Pro,33458
93,2018,123,24.81,iPhone 13 Pro,2000
71,2020,114,17.34,iPhone 11,4458
95,2021,734,10.29,iPhone SE (3rd Gen),8546
83,2020,572,6.38,iPhone 15 Pro,13486
72,2023,440,0.91,iPhone 12 Pro,27674
96,2018,226,22.9,iPhone 15 Pro,2000
100,2022,645,27.34,iPhone 12,21933
93,2019,554,46.35,iPhone 13,2000
90,2021,752,41.07,iPhone 15,17026
94,2020,848,18.36,iPhone 13,7352
64,2018,785,10.19,iPhone 15,2000
99,2019,651,37.3,iPhone 15 Pro,3555
88,2023,364,13.51,iPhone 13 Pro,36284
61,2019,648,42.08,iPhone 13,2000
74,2023,730,46.22,iPhone 13 Pro,26469
61,2020,808,36.67,iPhone 14,3474
72,2023,941,29.39,iPhone SE (3rd Gen),9240
75,2020,999,28.37,iPhone 15 Pro,6716
99,2023,454,43.23,iPhone 13 Pro,39418
87,2020,894,43.12,iPhone 15 Pro,9129
77,2023,961,0.51,iPhone 14,25010
85,2019,121,20.52,iPhone 15 Pro,4924
76,2022,159,19.95,iPhone 15,24082
88,2020,857,28.69,iPhone SE (2nd Gen),2000
72,2023,748,27.69,iPhone 15,26376
70,2019,500,10.25,iPhone 14,3338
87,2019,992,26.91,iPhone 13,2000
87,2018,431,41.62,iPhone 11,2000
77,2021,731,33.57,iPhone 13,11412
81,2018,316,11.76,iPhone 15 Pro,2000
84,2019,303,20.98,iPhone SE (2nd Gen),2000
72,2021,246,43.27,iPhone 11 Pro,9356
88,2021,576,32.6,iPhone 13 Pro,18730
81,2020,288,36.57,iPhone SE (3rd Gen),4246
96,2021,838,38.26,iPhone 15 Pro,21587
91,2019,261,7.65,iPhone 13,4168
80,2023,225,8.5,iPhone 11 Pro,21975
74,2020,576,31.25,iPhone 11 Pro,5078
86,2021,123,48.34,iPhone 13 Pro,18223
96,2020,842,18.62,iPhone SE (2nd Gen),2000
87,2021,868,31.08,iPhone 14 Pro,17386
63,2021,238,11.37,iPhone 13 Pro,14552
88,2018,885,29.35,iPhone 15 Pro,2000
95,2019,670,19.14,iPhone 15,3043
73,2023,102,36.73,iPhone 11,13494
79,2020,991,3.44,iPhone 12,3806
79,2023,362,20.86,iPhone 11 Pro,21077
82,2018,728,14.61,iPhone 11 Pro,2000
90,2021,184,0.55,iPhone SE (3rd Gen),10772
83,2022,343,0.77,iPhone 11,13656
77,2021,821,6.67,iPhone 15 Pro,18016
87,2018,703,47.5,iPhone 14 Pro,2000
96,2021,838,23.78,iPhone 14,16551
78,2020,247,22.7,iPhone 13 Pro,10565
81,2019,904,47.11,iPhone 13 Pro,2000
78,2021,183,16.78,iPhone 15,17881
76,2023,533,21.24,iPhone 11 Pro,19888
98,2018,208,16.31,iPhone 13 Pro,2000
99,2021,492,48.49,iPhone 11 Pro,13416
80,2018,224,30.95,iPhone 14 Pro,2000
96,2022,748,12.01,iPhone 14 Pro,31240
72,2023,230,39.27,iPhone 15 Pro,33316
86,2023,898,31.1,iPhone 12,21555
62,2022,774,44.0,iPhone 12 Pro,13815
65,2019,533,29.26,iPhone 15,2107
93,2020,808,11.51,iPhone SE (2nd Gen),2157
77,2019,184,15.64,iPhone 12 Pro,3453
66,2019,898,4.71,iPhone 12,2000
96,2022,313,31.6,iPhone SE (2nd Gen),11620
82,2023,259,6.17,iPhone 15 Pro,39872
84,2020,126,11.87,iPhone 14 Pro,13056
73,2023,671,38.83,iPhone 12 Pro,24454
96,2019,644,45.97,iPhone 11,2000
88,2022,181,22.41,iPhone 13,23080
68,2020,702,32.62,iPhone 12,3999
91,2022,238,19.31,iPhone 13 Pro,29064
69,2021,591,5.27,iPhone 13 Pro,15386
79,2021,412,38.99,iPhone 13,13850
72,2023,775,38.35,iPhone SE (2nd Gen),7932
92,2020,732,36.0,iPhone 14,8530
74,2021,556,13.65,iPhone SE (3rd Gen),7638
66,2021,459,23.67,iPhone 13 Pro,14656
73,2021,407,14.27,iPhone SE (3rd Gen),8046
90,2018,825,44.2,iPhone 12 Pro,2000
61,2023,332,28.31,iPhone 14,22070
93,2022,612,25.82,iPhone 11,12934
64,2022,645,18.1,iPhone 14 Pro,20525
95,2023,771,18.3,iPhone SE (2nd Gen),13000
82,2018,950,31.3,iPhone SE (3rd Gen),2000
67,2019,209,40.59,iPhone 11 Pro,2000
75,2020,987,28.69,iPhone 14 Pro,5883
61,2019,970,7.42,iPhone 15,2000
63,2023,729,3.83,iPhone 12,17363
65,2021,914,15.79,iPhone 12,6770
72,2018,752,25.55,iPhone SE (2nd Gen),2000
97,2020,410,39.72,iPhone 14,11352
72,2019,299,44.09,iPhone 15 Pro,2836
67,2023,509,23.46,iPhone 11,12807
65,2021,412,33.7,iPhone 14,12615
87,2021,801,11.9,iPhone 14 Pro,19015
93,2018,264,24.48,iPhone 13,2000
82,2021,116,24.42,iPhone 14,16819
94,2018,521,44.36,iPhone 11,2000
94,2018,268,27.47,iPhone 13 Pro,2000
69,2022,302,33.34,iPhone 14 Pro,23000
69,2020,745,39.78,iPhone 15,5911
65,2022,786,41.43,iPhone 12 Pro,14731
66,2022,473,22.64,iPhone 14,18833
65,2019,593,23.13,iPhone SE (2nd Gen),2000
90,2022,435,6.21,iPhone 11 Pro,19490
79,2021,327,15.82,iPhone 15,18169
95,2018,333,47.3,iPhone 13 Pro,2000
82,2022,944,32.32,iPhone 12 Pro,18749
72,2021,873,46.83,iPhone 13 Pro,11208
100,2022,333,35.03,iPhone 11,14748
71,2021,328,4.84,iPhone 15 Pro,19638
95,2021,403,35.78,iPhone SE (3rd Gen),9611
84,2023,461,8.09,iPhone SE (3rd Gen),17236
84,2021,114,4.47,iPhone 14,18256
90,2018,996,17.24,iPhone 11 Pro,2000
73,2020,552,47.69,iPhone 12 Pro,7133
100,2020,284,6.25,iPhone 13,12188
80,2023,519,33.07,iPhone 15,31756
79,2022,604,16.01,iPhone 11 Pro,15540
61,2019,615,24.31,iPhone 14,2000
61,2022,692,37.95,iPhone 15,16312
69,2020,822,29.1,iPhone 13,3950
79,2023,383,39.07,iPhone 15 Pro,36756
64,2020,323,7.67,iPhone 12,6816
70,2022,160,32.41,iPhone 11,9930
70,2023,992,38.66,iPhone 13 Pro,22547
93,2022,648,43.11,iPhone 11,11709
79,2023,844,24.5,iPhone 13 Pro,28515
70,2018,221,20.36,iPhone 13,2000
61,2018,127,23.75,iPhone 11,2000
80,2021,295,6.16,iPhone 12 Pro,17292
97,2023,472,10.33,iPhone 11 Pro,26644
75,2023,497,32.6,iPhone 13 Pro,29870
88,2020,720,46.16,iPhone 14 Pro,9792
89,2020,167,15.6,iPhone 13,10345
94,2021,161,4.88,iPhone 15 Pro,26076
84,2019,852,13.25,iPhone 14 Pro,2000
85,2019,893,6.55,iPhone 15,2000
66,2020,405,38.49,iPhone SE (2nd Gen),2200
88,2018,237,25.26,iPhone 11 Pro,2000
65,2023,358,43.56,iPhone 13 Pro,25122
81,2021,599,40.36,iPhone 11 Pro,9952
88,2022,437,25.66,iPhone 13 Pro,27757
90,2022,719,32.6,iPhone 13,20930
87,2018,920,2.91,iPhone 12 Pro,2000
100,2021,522,8.73,iPhone 15,23344
86,2020,859,1.15,iPhone 13,7102
69,2021,774,25.39,iPhone SE (2nd Gen),2890
72,2019,618,7.77,iPhone 11 Pro,2000
70,2019,915,21.73,iPhone 13,2000
70,2018,757,21.04,iPhone 14,2000
67,2022,767,41.28,iPhone SE (3rd Gen),6321
98,2019,202,14.58,iPhone 14,4661
71,2018,485,22.41,iPhone 14 Pro,2000
83,2021,686,21.61,iPhone SE (3rd Gen),7020
68,2021,224,11.95,iPhone 15 Pro,18442
70,2020,760,28.62,iPhone SE (3rd Gen),2000
75,2019,747,18.46,iPhone 11 Pro,2000
71,2023,473,19.94,iPhone 13,23853
93,2022,927,4.38,iPhone 13,21086
75,2019,253,20.0,iPhone 14 Pro,3875
78,2021,516,28.22,iPhone 11 Pro,10909
69,2022,874,31.91,iPhone 15 Pro,21229
77,2021,651,47.44,iPhone 11,5358
88,2021,238,17.21,iPhone 13 Pro,20260
84,2023,999,28.43,iPhone 11 Pro,17108
84,2020,765,5.65,iPhone 12,6518
72,2021,458,27.2,iPhone SE (2nd Gen),5840
80,2021,683,28.65,iPhone SE (3rd Gen),6338
94,2023,288,9.66,iPhone 11 Pro,25837
76,2020,182,19.0,iPhone 15,10450
79,2022,728,33.78,iPhone 12,15584
67,2022,684,11.66,iPhone 15,19687
85,2020,382,0.59,iPhone SE (2nd Gen),5283
89,2018,217,18.52,iPhone 15,2000
64,2018,645,15.3,iPhone 15 Pro,2000
99,2021,627,44.04,iPhone SE (3rd Gen),8408
87,2018,606,6.78,iPhone 12,2000
74,2020,241,17.51,iPhone 12,7450
95,2022,965,45.85,iPhone 11,8732
99,2021,270,14.31,iPhone 11 Pro,15124
73,2022,199,27.97,iPhone 15,22692
66,2021,278,31.08,iPhone 12 Pro,12966
80,2022,539,17.55,iPhone 12 Pro,22933
78,2021,803,38.31,iPhone 11,4414
71,2023,407,49.0,iPhone SE (2nd Gen),9975
78,2021,845,40.55,iPhone SE (2nd Gen),2322
68,2021,610,20.29,iPhone 15 Pro,16926
64,2020,136,28.02,iPhone SE (3rd Gen),3399
79,2022,783,22.17,iPhone 11,9096
100,2023,516,34.95,iPhone SE (2nd Gen),15592
75,2022,351,32.93,iPhone 12 Pro,21041
61,2021,480,40.26,iPhone 11,5307
65,2018,365,28.46,iPhone SE (2nd Gen),2000
98,2019,499,24.57,iPhone 12,3182
67,2019,242,8.96,iPhone 15,3572
65,2018,184,7.73,iPhone 11 Pro,2000
75,2023,165,9.5,iPhone SE (2nd Gen),12650
90,2022,683,35.83,iPhone 14 Pro,28554
94,2018,548,11.06,iPhone 13 Pro,2000
87,2022,407,46.47,iPhone 14 Pro,28779
90,2021,677,9.37,iPhone 12 Pro,17562
92,2018,627,24.68,iPhone 14,2000
93,2021,930,18.67,iPhone 15 Pro,20806
75,2019,432,1.94,iPhone 15,4403
84,2019,746,48.05,iPhone 13 Pro,2000
68,2018,730,8.83,iPhone 13 Pro,2000
72,2021,691,38.11,iPhone 13,10584
82,2019,580,14.31,iPhone 12,2175
87,2019,706,12.62,iPhone 14,2094
69,2019,282,34.05,iPhone SE (2nd Gen),2000
89,2018,495,0.38,iPhone 15,2000
81,2020,317,9.97,iPhone 13,9626
67,2019,489,9.75,iPhone 14,3198
100,2021,648,14.93,iPhone 14,19774
75,2018,942,35.27,iPhone 14,2000
65,2020,231,41.74,iPhone 13,6038
95,2022,581,32.76,iPhone 12 Pro,26290
60,2022,117,48.21,iPhone 11,7490
74,2018,772,45.58,iPhone 11,2000
98,2020,821,47.65,iPhone 13 Pro,9108
64,2021,924,36.78,iPhone 11 Pro,4161
75,2021,127,17.56,iPhone SE (2nd Gen),6622
76,2019,441,20.57,iPhone 15,3532
97,2022,472,30.82,iPhone 14,27802
65,2020,893,31.34,iPhone 12 Pro,3440
85,2018,850,12.8,iPhone 15 Pro,2000
70,2020,142,48.47,iPhone 12 Pro,7202
93,2022,310,11.22,iPhone 15,30129
97,2018,516,36.24,iPhone 12 Pro,2000
93,2018,229,46.88,iPhone 11,2000
83,2022,151,46.06,iPhone SE (2nd Gen),9110
75,2022,374,26.85,iPhone 12 Pro,21345
63,2020,905,31.34,iPhone 11,2000
70,2021,879,48.32,iPhone 11,2194
65,2020,667,0.73,iPhone SE (2nd Gen),2356
70,2020,409,16.55,iPhone SE (2nd Gen),3548
93,2022,213,2.27,iPhone 14 Pro,33134
76,2023,235,27.37,iPhone 14 Pro,33212
82,2023,293,27.79,iPhone 14,30181
71,2018,602,28.23,iPhone 13,2000
77,2018,494,33.76,iPhone 11 Pro,2000
83,2021,414,18.21,iPhone 11 Pro,12370
77,2022,724,8.49,iPhone 14,20628
79,2022,140,21.79,iPhone 13,20636
64,2018,611,3.34,iPhone 11 Pro,2000
97,2020,387,38.51,iPhone 15,12624
83,2019,445,47.82,iPhone SE (2nd Gen),2000
70,2019,860,1.83,iPhone 11,2000
75,2022,786,8.16,iPhone 14 Pro,23544
96,2019,279,25.16,iPhone 13 Pro,4502
83,2018,747,22.41,iPhone 13,2000
100,2023,522,44.29,iPhone 13 Pro,39566
63,2023,737,15.12,iPhone 11,10104
77,2022,843,30.0,iPhone 15,20480
81,2018,981,41.86,iPhone 15,2000
80,2019,722,15.22,iPhone 12 Pro,2000
100,2023,713,1.89,iPhone 11 Pro,25776
78,2021,894,45.46,iPhone 13 Pro,12507
84,2019,840,48.54,iPhone 11 Pro,2000
69,2022,186,34.96,iPhone 13,17227
63,2019,540,26.19,iPhone 12,2000
97,2018,712,45.72,iPhone 12 Pro,2000
90,2022,229,8.25,iPhone SE (3rd Gen),14438
75,2019,657,47.28,iPhone 14,2000
95,2019,426,5.86,iPhone 13 Pro,5407
61,2023,158,44.37,iPhone 12 Pro,21266
96,2019,637,44.31,iPhone 15,2175
79,2021,648,14.22,iPhone SE (2nd Gen),5709
98,2023,294,30.72,iPhone SE (2nd Gen),15614
67,2021,305,4.28,iPhone SE (2nd Gen),6486
70,2022,782,26.34,iPhone 12,13188
68,2020,635,9.04,iPhone 12,5848
87,2022,803,42.23,iPhone 15,23568
83,2021,305,48.07,iPhone 13,14196
73,2022,597,29.79,iPhone SE (2nd Gen),7578
96,2021,559,0.5,iPhone 13 Pro,22425
84,2020,946,41.02,iPhone 13,3989
92,2018,935,38.48,iPhone 11 Pro,2000
95,2022,932,6.8,iPhone 11 Pro,16240
91,2019,282,9.66,iPhone SE (3rd Gen),2247
78,2020,146,17.08,iPhone SE (3rd Gen),4996
81,2021,202,25.32,iPhone 15 Pro,21414
94,2023,408,27.94,iPhone 15,38083
93,2020,779,17.24,iPhone 12,6810
74,2022,180,30.71,iPhone SE (2nd Gen),8640
77,2021,870,12.75,iPhone SE (3rd Gen),4902
95,2020,962,1.65,iPhone 11 Pro,4798
62,2019,350,27.43,iPhone 12 Pro,2039
84,2019,241,10.15,iPhone 15,4533
88,2022,368,30.92,iPhone 11 Pro,17814
98,2020,942,23.62,iPhone SE (3rd Gen),2000
86,2022,385,16.5,iPhone 13 Pro,27555
80,2021,895,32.44,iPhone 11,4028
64,2020,426,2.5,iPhone 15,9475
63,2023,503,21.69,iPhone 11,12116
98,2023,403,5.24,iPhone 15 Pro,47758
91,2019,726,18.87,iPhone 15,2257
98,2018,177,25.71,iPhone 13,2000
72,2021,802,32.09,iPhone SE (2nd Gen),2576
72,2022,400,48.7,iPhone 14,19345
96,2023,968,15.73,iPhone 11 Pro,21414
96,2021,979,44.56,iPhone 15,16022
73,2020,927,0.4,iPhone SE (3rd Gen),2000
83,2020,458,49.42,iPhone 15,9979
74,2020,962,41.51,iPhone 14,3480
94,2022,729,41.91,iPhone 12,18880
73,2018,395,30.82,iPhone 12 Pro,2000
82,2023,800,35.35,iPhone 12 Pro,26803
98,2020,788,40.79,iPhone 12 Pro,8556
74,2020,787,6.23,iPhone 15,7918
79,2018,901,4.4,iPhone 12,2000
92,2023,305,33.24,iPhone SE (3rd Gen),17658
74,2022,983,7.5,iPhone 11 Pro,11075
77,2018,124,25.9,iPhone 14,2000
90,2019,661,21.31,iPhone 11,2000
70,2021,799,12.43,iPhone 13,10388
92,2023,608,0.1,iPhone 14 Pro,40775
90,2021,476,41.44,iPhone SE (3rd Gen),8728
74,2023,480,22.08,iPhone 11,14436
74,2021,990,24.04,iPhone 15 Pro,14618
87,2018,847,49.47,iPhone 12 Pro,2000
95,2018,987,16.22,iPhone 13,2000
83,2022,808,9.77,iPhone SE (3rd Gen),10126
66,2022,171,1.43,iPhone 13 Pro,21708
83,2019,435,0.63,iPhone 13,4119
65,2019,342,13.95,iPhone 11 Pro,2000
72,2022,191,35.22,iPhone 12 Pro,20019
100,2023,821,8.77,iPhone 11 Pro,24352
86,2022,449,4.49,iPhone 14,25791
92,2020,301,20.6,iPhone 14,11620
82,2021,856,23.53,iPhone 12,10024
94,2021,304,7.84,iPhone 11,10888
91,2023,934,47.03,iPhone SE (3rd Gen),12418
69,2021,566,18.58,iPhone 14,13591
92,2020,356,47.4,iPhone 12,7980
96,2021,943,9.3,iPhone 15,18145
99,2023,725,47.82,iPhone 15 Pro,43869
65,2020,865,25.11,iPhone 15 Pro,6469
77,2021,959,27.45,iPhone 12,7898
68,2022,460,6.97,iPhone 13 Pro,22091
71,2022,524,17.6,iPhone 11 Pro,14500
86,2022,942,5.64,iPhone 12,16583
72,2019,394,4.86,iPhone 11,2000
98,2020,370,11.15,iPhone 11,6792
70,2021,755,45.94,iPhone 15 Pro,14753
71,2021,489,21.64,iPhone 14,14538
75,2020,438,47.39,iPhone SE (3rd Gen),3256
74,2019,419,33.77,iPhone 15,2752
79,2022,144,9.17,iPhone 11,12576
78,2023,443,13.77,iPhone 11,15692
69,2021,552,26.37,iPhone 14 Pro,16102
97,2019,989,39.8,iPhone 15,2000
89,2021,534,31.58,iPhone SE (3rd Gen),8761
88,2020,522,28.66,iPhone 12 Pro,10447
62,2018,594,29.89,iPhone SE (2nd Gen),2000
88,2021,717,26.5,iPhone SE (3rd Gen),7065
84,2018,506,41.78,iPhone 13,2000
88,2022,694,9.74,iPhone 13 Pro,26613
69,2022,697,46.4,iPhone 14,16582
94,2020,354,1.33,iPhone SE (3rd Gen),6984
77,2021,337,36.21,iPhone 12,12050
93,2023,988,47.58,iPhone 13,25291
89,2021,559,40.9,iPhone 13 Pro,18725
74,2022,675,38.65,iPhone SE (3rd Gen),8528
73,2020,769,37.0,iPhone 13,4585
87,2022,328,12.44,iPhone 12,20911
94,2018,127,33.52,iPhone 14,2000
63,2018,998,31.1,iPhone SE (2nd Gen),2000
97,2019,676,38.09,iPhone 13 Pro,2156
64,2021,626,1.2,iPhone 14,12760
63,2019,303,26.79,iPhone 14,2126
89,2023,962,6.0,iPhone 14,29345
77,2019,654,3.59,iPhone 11,2000
99,2020,952,7.3,iPhone SE (2nd Gen),2000
87,2022,966,4.28,iPhone 12,16659
99,2020,112,34.8,iPhone 13 Pro,13110
77,2022,654,10.32,iPhone 13 Pro,23354
75,2020,390,37.37,iPhone 12 Pro,8444
97,2018,454,28.77,iPhone SE (2nd Gen),2000
66,2019,574,40.55,iPhone 15,2000
70,2023,247,44.84,iPhone 11 Pro,17358
89,2021,552,38.59,iPhone 11,8230
78,2019,191,16.96,iPhone 13 Pro,3832
76,2019,181,42.06,iPhone SE (3rd Gen),2000
93,2023,986,39.99,iPhone 13,25690
98,2019,970,3.3,iPhone 14,2000
85,2023,123,45.76,iPhone 14,30437
67,2018,425,45.64,iPhone 14 Pro,2000
82,2022,843,33.41,iPhone 14 Pro,24215
65,2020,794,0.29,iPhone 11,2000
93,2018,311,41.47,iPhone 14 Pro,2000
74,2022,973,31.82,iPhone 14,16064
81,2023,733,16.96,iPhone 14,28007
84,2020,172,40.93,iPhone 12,7404
90,2022,867,37.95,iPhone 14,21658
95,2020,224,22.47,iPhone 12,9564
95,2021,259,23.58,iPhone 12 Pro,19721
79,2023,112,27.29,iPhone 11 Pro,20756
75,2021,268,33.79,iPhone 12,11810
80,2020,344,42.28,iPhone 14,8886
76,2022,301,40.45,iPhone 15,23058
79,2021,795,11.67,iPhone 15,15426
78,2019,447,17.16,iPhone 11 Pro,2262
87,2021,807,41.07,iPhone SE (3rd Gen),5316
99,2018,566,41.37,iPhone 11,2000
71,2020,506,8.72,iPhone 13,8379
81,2020,513,1.64,iPhone 12,8900
96,2022,922,4.52,iPhone 14,24594
62,2019,724,18.56,iPhone 13 Pro,2000
81,2022,974,8.49,iPhone 14,19338
77,2021,151,42.88,iPhone 11,7096
86,2020,170,24.33,iPhone 12 Pro,10608
82,2021,761,13.67,iPhone 13,13106
93,2018,310,20.56,iPhone 13,2000
67,2023,927,31.02,iPhone 15,22319
72,2018,890,30.4,iPhone 13 Pro,2000
72,2019,439,29.39,iPhone 12 Pro,2491
65,2018,733,43.94,iPhone 13,2000
62,2018,985,47.81,iPhone SE (2nd Gen),2000
60,2018,190,12.08,iPhone 13 Pro,2000
85,2023,592,15.39,iPhone 13 Pro,34010
76,2022,383,35.78,iPhone 11 Pro,14931
80,2019,292,36.45,iPhone SE (3rd Gen),2000
83,2019,104,4.15,iPhone SE (2nd Gen),2000
80,2021,669,14.74,iPhone SE (2nd Gen),5573
77,2019,963,13.01,iPhone 12 Pro,2000
82,2021,184,8.37,iPhone 15 Pro,22542
83,2021,902,49.02,iPhone 14 Pro,15109
98,2022,942,9.77,iPhone 15 Pro,32822
89,2022,929,46.4,iPhone 14 Pro,25208
71,2020,637,20.71,iPhone 14 Pro,9132
65,2020,970,20.04,iPhone 12 Pro,3235
91,2023,362,16.29,iPhone 12,27850
94,2021,792,2.95,iPhone 13,15732
98,2018,395,30.19,iPhone 13 Pro,2000
66,2019,439,9.39,iPhone 15,3491
69,2019,900,45.74,iPhone 15 Pro,2000
65,2023,567,48.14,iPhone 13 Pro,24223
92,2021,788,33.58,iPhone 13 Pro,17521
96,2021,245,32.65,iPhone 12,15648
83,2019,190,26.37,iPhone 14 Pro,4077
77,2023,287,22.27,iPhone 11 Pro,20446
68,2020,484,43.61,iPhone 12,5469
91,2023,860,28.06,iPhone 12,23662
62,2022,102,9.89,iPhone 11,9736
90,2021,565,32.98,iPhone SE (3rd Gen),8501
62,2020,176,25.22,iPhone 15,8039
74,2019,586,20.54,iPhone 15,2553
100,2022,388,49.12,iPhone 12,22294
78,2021,380,17.0,iPhone 14 Pro,19430
89,2023,754,38.26,iPhone 14 Pro,36042
71,2018,484,14.06,iPhone 11 Pro,2000
78,2023,502,26.42,iPhone 13 Pro,31419
92,2023,717,42.79,iPhone 15,34330
100,2021,726,0.15,iPhone 12,15732
78,2018,999,11.81,iPhone 12 Pro,2000
66,2023,182,27.58,iPhone 15,26341
73,2022,705,19.78,iPhone 13 Pro,21051
74,2019,547,46.22,iPhone 14,2000
74,2022,519,49.73,iPhone 14,19709
76,2020,571,34.67,iPhone SE (2nd Gen),2306
85,2022,426,6.69,iPhone SE (2nd Gen),11353
94,2022,755,12.18,iPhone 11,12351
64,2022,190,7.43,iPhone 13,17229
64,2021,635,21.22,iPhone 15 Pro,15509
72,2022,623,12.23,iPhone 12 Pro,19938
72,2019,731,33.9,iPhone 13 Pro,2000
78,2018,420,14.54,iPhone 15,2000
78,2019,519,43.25,iPhone 13 Pro,2328
85,2018,686,10.79,iPhone 13,2000
81,2022,586,0.22,iPhone 14,23632
81,2020,705,46.6,iPhone SE (2nd Gen),2000
88,2021,779,16.15,iPhone 14,15762
80,2021,225,20.95,iPhone SE (3rd Gen),8552
81,2018,708,28.73,iPhone 11 Pro,2000
85,2019,860,46.63,iPhone 11,2000
68,2019,670,46.29,iPhone 15 Pro,2000
94,2022,172,18.61,iPhone 15,30090
62,2018,167,11.75,iPhone 12 Pro,2000
79,2019,867,34.97,iPhone 14,2000
63,2018,921,38.52,iPhone SE (3rd Gen),2000
98,2021,471,43.14,iPhone 12 Pro,19403
74,2019,413,17.0,iPhone 11 Pro,2110
98,2018,130,26.99,iPhone 11 Pro,2000
94,2023,592,20.74,iPhone 13 Pro,37523
96,2020,500,35.47,iPhone 14 Pro,13826
94,2020,343,25.71,iPhone 11 Pro,8114
74,2021,138,17.78,iPhone 11 Pro,10951
79,2019,332,16.59,iPhone 12 Pro,3516
94,2018,962,33.18,iPhone 11,2000
93,2022,497,20.32,iPhone SE (3rd Gen),14329
76,2021,632,42.69,iPhone 13 Pro,14786
74,2022,632,20.94,iPhone 14,20018
92,2023,564,42.1,iPhone 13 Pro,35895
82,2018,902,29.85,iPhone 14,2000
90,2020,539,18.34,iPhone 11 Pro,7693
71,2022,813,38.52,iPhone 12,12516
83,2019,855,45.2,iPhone 13,2000
79,2020,397,7.84,iPhone 14,10470
99,2023,532,14.68,iPhone 12,30131
90,2023,838,43.83,iPhone 12 Pro,29078
73,2018,996,45.65,iPhone 15,2000
65,2018,629,1.73,iPhone 12,2000
75,2022,787,3.35,iPhone 15,21712
86,2023,580,47.82,iPhone 13,26909
89,2023,133,41.23,iPhone 13,29088
75,2023,909,9.86,iPhone 15,26917
86,2019,523,36.18,iPhone 12 Pro,2691
68,2020,312,31.66,iPhone 11,3517
64,2019,621,21.01,iPhone 14,2000
98,2022,734,42.57,iPhone 13,22482
85,2018,661,25.87,iPhone 13,2000
71,2020,685,25.91,iPhone SE (3rd Gen),2180
71,2018,321,15.07,iPhone 14,2000
71,2018,557,16.76,iPhone SE (3rd Gen),2000
90,2019,174,25.35,iPhone 15,4133
83,2018,241,19.63,iPhone 14 Pro,2000
99,2018,588,35.51,iPhone SE (3rd Gen),2000
93,2019,412,45.1,iPhone 14 Pro,3790
92,2018,929,25.82,iPhone 14 Pro,2000
70,2019,598,32.82,iPhone 15 Pro,2279
64,2019,216,16.26,iPhone 11 Pro,2000
68,2019,951,31.46,iPhone 15,2000
60,2019,302,22.09,iPhone 12 Pro,2196
60,2020,382,0.86,iPhone SE (3rd Gen),4457
66,2018,630,33.95,iPhone SE (3rd Gen),2000
84,2018,806,2.2,iPhone 13,2000
84,2021,102,42.67,iPhone 13,14666
70,2020,429,47.69,iPhone 12 Pro,7240
79,2019,569,14.0,iPhone 14 Pro,3745
98,2021,901,28.22,iPhone 12 Pro,16139
97,2018,598,34.36,iPhone 12,2000
97,2019,702,2.77,iPhone 14 Pro,4147
94,2018,894,11.9,iPhone 15 Pro,2000
100,2023,110,49.79,iPhone 11,18510
87,2019,230,4.06,iPhone 15,5017
97,2023,979,41.57,iPhone 12,23686
69,2019,405,23.1,iPhone 13,2295
74,2020,494,31.18,iPhone 14 Pro,10466
84,2021,657,18.12,iPhone 14 Pro,19364
75,2022,494,48.88,iPhone 15,22306
91,2020,654,34.18,iPhone 15,10401
83,2019,629,14.6,iPhone 15,2960
76,2019,367,47.56,iPhone 13 Pro,2182
94,2022,564,11.49,iPhone 15,29806
88,2020,161,40.31,iPhone 15 Pro,13384
68,2021,227,2.77,iPhone 15,16181
96,2020,976,27.36,iPhone 14 Pro,9472
76,2018,813,7.07,iPhone 12,2000
77,2022,139,28.9,iPhone 13,19730
68,2019,279,4.66,iPhone 13,3167
94,2019,359,43.86,iPhone 13 Pro,3447
84,2021,884,18.08,iPhone 12,10376
96,2019,713,27.13,iPhone 13 Pro,2274
60,2023,485,0.07,iPhone 13 Pro,25196
77,2020,970,28.97,iPhone 11,2000
94,2023,307,4.37,iPhone 15,39262
98,2018,640,22.61,iPhone 15,2000
98,2018,521,29.85,iPhone 11,2000
88,2019,397,31.47,iPhone 11,2000
80,2018,436,7.75,iPhone 14 Pro,2000
73,2018,344,49.89,iPhone 13 Pro,2000
71,2022,975,49.32,iPhone 15,16214
66,2019,795,36.94,iPhone 13 Pro,2000
86,2020,480,45.44,iPhone 13 Pro,10628
93,2019,616,48.19,iPhone 14 Pro,2476
77,2018,843,3.52,iPhone 14,2000
69,2022,546,45.06,iPhone 14,18160
84,2020,357,6.11,iPhone 11 Pro,8094
90,2023,632,49.81,iPhone 11,15090
81,2023,402,7.19,iPhone SE (3rd Gen),16650
71,2021,607,9.82,iPhone 14 Pro,16899
61,2020,433,44.0,iPhone 15,6950
92,2023,337,28.37,iPhone 14,34002
68,2018,995,7.89,iPhone 15 Pro,2000
68,2022,384,3.83,iPhone 13,18508
81,2023,449,33.23,iPhone 14 Pro,35194
79,2022,185,11.48,iPhone SE (2nd Gen),10289
68,2018,955,12.55,iPhone 12,2000
100,2023,487,42.28,iPhone 12 Pro,36386
67,2021,685,37.66,iPhone 12 Pro,11007
71,2021,843,30.98,iPhone 15 Pro,14901
85,2021,521,44.38,iPhone SE (3rd Gen),7771
91,2020,383,47.81,iPhone 11,4434
91,2018,847,4.24,iPhone 13 Pro,2000
95,2020,625,24.64,iPhone 13,9393
90,2021,987,6.28,iPhone 11 Pro,9216
96,2023,836,18.19,iPhone SE (3rd Gen),15890
72,2023,861,44.38,iPhone 13 Pro,24411
64,2020,216,49.89,iPhone SE (2nd Gen),2000
90,2021,598,23.18,iPhone 13,15861
90,2019,242,23.68,iPhone 12 Pro,3766
62,2023,184,20.79,iPhone SE (3rd Gen),11980
79,2023,521,15.05,iPhone SE (3rd Gen),15628
92,2018,493,14.65,iPhone 14 Pro,2000
84,2021,829,30.31,iPhone 15,15354
71,2019,847,44.97,iPhone 15,2000
75,2022,842,29.61,iPhone 13,15725
73,2018,915,34.2,iPhone 14 Pro,2000
99,2020,649,40.6,iPhone 13,8855
60,2022,625,33.88,iPhone SE (2nd Gen),5306
71,2019,614,15.81,iPhone 13,2000
79,2019,444,19.07,iPhone 12 Pro,3392
76,2020,983,1.88,iPhone 11,2000
90,2021,476,26.0,iPhone 14,18500
90,2023,840,45.37,iPhone 13,25832
67,2023,956,9.29,iPhone 11,9045
78,2020,760,33.68,iPhone 12 Pro,6441
74,2020,758,21.05,iPhone SE (2nd Gen),2000
77,2022,466,12.44,iPhone 13 Pro,24788
82,2018,936,7.8,iPhone 11,2000
91,2022,251,7.15,iPhone 15 Pro,34678
79,2019,514,43.41,iPhone 14,2035
79,2020,432,36.28,iPhone 14 Pro,11024
92,2022,374,40.94,iPhone SE (2nd Gen),10603
69,2018,401,37.56,iPhone SE (2nd Gen),2000
95,2023,697,33.45,iPhone 13,29608
83,2022,839,30.28,iPhone 15 Pro,27051
61,2020,436,14.78,iPhone 11,3836
97,2019,264,30.07,iPhone SE (3rd Gen),2000
76,2019,476,47.12,iPhone 15,2204
79,2023,172,41.57,iPhone 13 Pro,31102
76,2022,392,13.24,iPhone 15 Pro,28598
84,2020,158,1.92,iPhone 13,10404
82,2018,556,11.75,iPhone 13 Pro,2000
91,2022,233,37.68,iPhone 14 Pro,30648
94,2021,699,44.39,iPhone 14 Pro,20230
89,2021,636,22.11,iPhone 12 Pro,17114
99,2018,572,27.32,iPhone 11 Pro,2000
66,2021,330,0.02,iPhone 11,7919
81,2019,558,7.7,iPhone 11 Pro,2275
71,2020,508,25.51,iPhone SE (3rd Gen),3970
76,2021,967,13.12,iPhone 11,3794
95,2023,485,0.07,iPhone 14 Pro,43222
66,2022,696,34.91,iPhone 15,18074
94,2020,525,30.33,iPhone 15,12334
84,2018,490,36.22,iPhone SE (2nd Gen),2000
79,2018,147,4.72,iPhone 15 Pro,2000
85,2023,245,41.88,iPhone 14 Pro,36581
87,2021,795,39.15,iPhone SE (3rd Gen),5532
84,2023,328,27.13,iPhone 11,16284
82,2022,843,45.74,iPhone 11,7813
88,2022,256,46.82,iPhone 12 Pro,24279
70,2020,954,35.68,iPhone 12 Pro,3301
89,2018,903,12.76,iPhone 13,2000
69,2019,410,31.98,iPhone 13,2000
77,2022,545,48.19,iPhone 15,22550
85,2022,514,39.97,iPhone 13 Pro,25912
86,2022,857,18.86,iPhone 11,9677
100,2023,243,10.44,iPhone 14 Pro,44978
63,2019,660,27.9,iPhone 13,2000
87,2021,295,24.48,iPhone SE (2nd Gen),7476
76,2020,813,35.96,iPhone 14,5522
91,2023,300,9.08,iPhone 13,31396
93,2020,551,3.19,iPhone SE (3rd Gen),6305
88,2018,157,26.07,iPhone 11 Pro,2000
60,2021,104,28.62,iPhone 14,11769
68,2022,925,23.78,iPhone 15 Pro,20741
63,2018,521,4.13,iPhone 11,2000
78,2021,584,10.74,iPhone 14 Pro,18903
63,2020,700,18.63,iPhone 15,6518
100,2023,559,16.7,iPhone 12,30075
86,2018,317,43.22,iPhone 14 Pro,2000
91,2021,427,35.98,iPhone 12 Pro,18221
76,2020,504,39.97,iPhone 15,9362
64,2019,250,9.81,iPhone 13,2710
60,2023,806,37.21,iPhone 15 Pro,24480
86,2021,240,33.1,iPhone 14,17265
62,2020,581,10.13,iPhone 15 Pro,9534
63,2021,965,47.62,iPhone SE (2nd Gen),2000
60,2018,423,25.03,iPhone 14,2000
77,2018,286,38.13,iPhone 13 Pro,2000
90,2021,521,34.13,iPhone 12,14284
93,2020,843,0.5,iPhone 11 Pro,5845
62,2019,400,47.54,iPhone 11,2000
88,2021,843,43.63,iPhone 11,4948
69,2018,409,37.2,iPhone 13,2000
78,2020,831,34.25,iPhone 13 Pro,6678
62,2020,202,48.36,iPhone 15 Pro,8432
60,2021,568,12.51,iPhone 13,10694
67,2020,980,18.08,iPhone SE (2nd Gen),2000
71,2018,458,47.76,iPhone 13 Pro,2000
71,2019,292,32.27,iPhone 15,2647
88,2020,354,31.33,iPhone 11 Pro,7234
86,2019,782,24.26,iPhone SE (2nd Gen),2000
63,2020,705,5.76,iPhone 14,6324
89,2019,316,5.3,iPhone 14 Pro,5520
65,2018,374,47.99,iPhone 12,2000
91,2022,363,14.54,iPhone 15,29303
73,2021,272,0.27,iPhone 12,13126
94,2021,111,9.21,iPhone 15 Pro,25860
77,2018,972,0.1,iPhone 15,2000
72,2022,468,16.42,iPhone 15 Pro,26899
65,2018,470,24.47,iPhone 13 Pro,2000
77,2020,478,34.19,iPhone 14 Pro,10803
89,2020,493,36.42,iPhone 15 Pro,13754
78,2022,832,25.88,iPhone 13 Pro,21126
74,2020,223,6.21,iPhone SE (2nd Gen),4314
96,2022,812,27.25,iPhone 14 Pro,29838
71,2018,367,33.49,iPhone 12 Pro,2000
100,2021,672,14.08,iPhone 13 Pro,21576
84,2020,325,32.44,iPhone 11 Pro,6778
70,2018,789,24.9,iPhone 12,2000
90,2018,255,35.54,iPhone 14 Pro,2000
89,2018,290,39.51,iPhone SE (3rd Gen),2000
80,2018,158,41.26,iPhone 12,2000
69,2022,440,5.1,iPhone SE (3rd Gen),11130
78,2019,436,21.99,iPhone SE (2nd Gen),2000
68,2019,191,1.22,iPhone 12 Pro,3679
63,2018,691,21.49,iPhone SE (2nd Gen),2000
68,2023,573,27.84,iPhone 11,12158
78,2020,995,45.86,iPhone 15 Pro,6407
64,2018,952,31.39,iPhone 12,2000
90,2018,468,15.84,iPhone 12,2000
93,2023,388,24.75,iPhone 13,31312
100,2021,615,35.9,iPhone 11,9055
97,2020,712,6.96,iPhone 14 Pro,13294
78,2022,304,34.3,iPhone 13,19735
79,2023,864,43.32,iPhone 11 Pro,16314
93,2020,991,47.08,iPhone 13 Pro,6686
71,2023,891,11.9,iPhone 13 Pro,25315
85,2021,737,22.12,iPhone 12,11824
67,2019,601,21.76,iPhone 12,2000
73,2020,496,9.92,iPhone 14,9542
88,2022,965,24.44,iPhone 12,15908
76,2021,117,43.9,iPhone SE (2nd Gen),5405
92,2021,217,42.59,iPhone 14 Pro,21790
62,2019,415,8.44,iPhone 15 Pro,3918
83,2021,964,38.83,iPhone SE (3rd Gen),3378
93,2023,671,28.41,iPhone 14 Pro,39184
100,2018,523,47.38,iPhone SE (3rd Gen),2000
73,2020,834,42.23,iPhone 14 Pro,6411
73,2020,729,38.42,iPhone 15 Pro,8564
88,2023,953,32.55,iPhone 13,24642
64,2021,816,44.72,iPhone SE (2nd Gen),2000
93,2023,821,30.13,iPhone 11 Pro,21324
93,2019,307,32.28,iPhone 13,3036
92,2020,389,40.38,iPhone 14,10631
97,2018,410,34.61,iPhone 12 Pro,2000
74,2020,254,30.09,iPhone 15 Pro,11446
60,2018,146,25.21,iPhone 13 Pro,2000
96,2018,774,2.43,iPhone 14,2000
99,2020,287,34.5,iPhone 15 Pro,15600
75,2022,119,1.34,iPhone SE (2nd Gen),10246
65,2020,798,49.51,iPhone 13 Pro,4294
97,2023,753,38.08,iPhone 11,15936
67,2021,737,4.75,iPhone 15,13472
87,2019,477,27.23,iPhone SE (3rd Gen),2000
95,2023,619,27.5,iPhone SE (2nd Gen),14060
68,2023,836,38.46,iPhone 11,8997
95,2020,112,30.87,iPhone 13,10332
72,2023,727,34.23,iPhone 12,18698
97,2020,537,19.47,iPhone SE (3rd Gen),5932
72,2020,308,24.33,iPhone 14,8684
63,2023,757,26.44,iPhone 12,15953
94,2018,888,10.02,iPhone 13,2000
67,2019,467,38.09,iPhone 11,2000
89,2022,461,6.04,iPhone 13 Pro,29068
98,2022,547,25.58,iPhone 15 Pro,35981
78,2020,219,21.97,iPhone 14,9626
70,2018,954,31.88,iPhone 13 Pro,2000
65,2020,346,3.85,iPhone 14 Pro,10370
95,2021,338,36.08,iPhone 14 Pro,22896
100,2021,400,14.01,iPhone SE (2nd Gen),9300
97,2021,593,36.99,iPhone 15 Pro,24380
98,2021,643,15.97,iPhone 12,15412
98,2021,182,30.41,iPhone SE (3rd Gen),10240
97,2022,873,28.33,iPhone 14,24196
60,2021,344,17.44,iPhone 14 Pro,14728
87,2021,317,24.93,iPhone 12,14414
78,2020,495,36.99,iPhone 11,4000
96,2022,999,37.59,iPhone 11,8970
82,2018,851,45.92,iPhone 14 Pro,2000
95,2019,462,27.77,iPhone 14 Pro,4787
77,2022,485,28.35,iPhone SE (3rd Gen),11288
91,2018,801,45.05,iPhone 15 Pro,2000
62,2019,823,35.95,iPhone 14,2000
60,2023,434,39.74,iPhone 14 Pro,25313
72,2018,672,17.27,iPhone 14,2000
71,2019,527,30.74,iPhone 12 Pro,2098
76,2021,282,40.95,iPhone 12 Pro,14672
91,2021,877,46.4,iPhone 14 Pro,17570
96,2023,868,33.15,iPhone 12 Pro,31622
84,2018,739,43.07,iPhone 12 Pro,2000
86,2021,743,23.56,iPhone 14 Pro,18752
99,2018,472,7.86,iPhone 13 Pro,2000
67,2019,171,31.68,iPhone 12,2000
93,2021,632,13.24,iPhone 12,14758
81,2019,807,30.87,iPhone 12,2000
88,2023,184,35.73,iPhone 13,29014
86,2021,647,18.39,iPhone 11,7930
92,2018,463,24.99,iPhone 14,2000
94,2020,510,20.08,iPhone 12,9471
87,2023,690,5.14,iPhone 13 Pro,34383
71,2021,801,33.46,iPhone 15 Pro,15197
66,2021,111,11.21,iPhone 15 Pro,17919
83,2023,974,4.89,iPhone 11,12446
99,2021,886,17.34,iPhone SE (3rd Gen),7153
65,2021,308,26.19,iPhone 11,6490
96,2019,356,37.52,iPhone 14 Pro,4364
73,2020,314,12.77,iPhone 14,9399
89,2021,719,9.68,iPhone 12,13346
84,2021,227,30.77,iPhone 13 Pro,18622
63,2022,961,49.79,iPhone 14 Pro,15423
65,2023,634,24.42,iPhone 12 Pro,22464
69,2021,958,22.0,iPhone SE (2nd Gen),2000
85,2021,462,42.62,iPhone SE (2nd Gen),6369
91,2022,131,17.83,iPhone 13,24134
72,2020,901,43.05,iPhone 15 Pro,6438
96,2022,254,48.17,iPhone 13,23992
78,2020,170,17.72,iPhone 11 Pro,6914
93,2021,361,17.33,iPhone 15 Pro,25174
74,2019,161,16.43,iPhone 14,3249
98,2019,663,39.78,iPhone SE (2nd Gen),2000
78,2021,565,3.53,iPhone 12,13214
90,2019,625,13.44,iPhone SE (3rd Gen),2000
87,2019,421,16.91,iPhone 11 Pro,2635
68,2022,461,8.09,iPhone 12,16426
91,2019,643,38.16,iPhone 11,2000
79,2021,945,2.09,iPhone 13,11246
64,2023,533,33.43,iPhone 15,24878
90,2021,425,44.02,iPhone 11 Pro,12199
79,2020,570,28.14,iPhone 11 Pro,5793
81,2023,756,40.47,iPhone 11,12426
73,2018,981,26.8,iPhone 12 Pro,2000
72,2021,676,49.51,iPhone 15,13044
80,2023,462,28.52,iPhone SE (3rd Gen),15374
89,2021,983,30.82,iPhone 12,9649
62,2021,453,48.09,iPhone 15,12476
68,2023,537,12.51,iPhone 13,22804
79,2019,537,48.47,iPhone 13 Pro,2000
89,2020,692,15.29,iPhone 12,7328
99,2019,679,47.52,iPhone 14 Pro,2269
70,2020,426,8.03,iPhone 15,10098
93,2022,736,15.84,iPhone SE (3rd Gen),12193
88,2018,526,38.85,iPhone 13 Pro,2000
67,2022,410,5.92,iPhone 13,18129
94,2021,447,36.69,iPhone 13,16966
62,2021,624,13.1,iPhone 14 Pro,14225
74,2019,859,13.95,iPhone 14 Pro,2000
71,2022,719,0.59,iPhone 14,19258
100,2020,304,11.38,iPhone 14,13181
76,2023,906,47.44,iPhone 11 Pro,14848
80,2020,652,39.54,iPhone 15 Pro,10503
81,2022,295,32.27,iPhone 11,11752
66,2022,937,44.64,iPhone 15 Pro,18808
84,2020,678,8.61,iPhone 11,4090
64,2020,440,17.27,iPhone 13,7136
72,2019,425,46.86,iPhone 11 Pro,2000
69,2023,813,44.99,iPhone 15 Pro,28430
76,2018,783,37.91,iPhone SE (3rd Gen),2000
95,2019,802,11.74,iPhone 14 Pro,2568
71,2019,885,12.64,iPhone SE (2nd Gen),2000
91,2023,398,36.41,iPhone 12 Pro,33214
100,2022,791,34.42,iPhone 14 Pro,31119
92,2022,805,3.17,iPhone SE (3rd Gen),11972
98,2018,410,13.95,iPhone 12 Pro,2000
92,2022,789,41.68,iPhone 15,25386
76,2020,115,43.9,iPhone 14 Pro,10155
95,2018,723,16.73,iPhone 14,2000
100,2023,246,14.14,iPhone 12 Pro,37793
66,2021,717,10.23,iPhone 14,11838
87,2020,246,20.95,iPhone 13,9828
70,2021,135,38.69,iPhone 13,12066
76,2018,574,21.83,iPhone 13 Pro,2000
82,2018,305,46.0,iPhone 13 Pro,2000
72,2019,971,3.24,iPhone 14,2000
75,2023,141,34.14,iPhone SE (3rd Gen),14043
89,2021,432,46.97,iPhone 14,17232
77,2019,770,25.41,iPhone 13 Pro,2000
63,2018,687,46.05,iPhone SE (3rd Gen),2000
87,2018,456,0.81,iPhone 14,2000
93,2021,910,16.25,iPhone SE (3rd Gen),6248
100,2022,754,11.85,iPhone 14,27118
94,2023,224,18.69,iPhone 12,28675
61,2022,342,29.81,iPhone 15,18640
61,2023,692,37.41,iPhone SE (2nd Gen),6884
73,2020,273,25.74,iPhone 13,7838
96,2023,436,38.17,iPhone SE (3rd Gen),18252
91,2022,201,49.19,iPhone 14 Pro,30073
75,2021,654,30.43,iPhone 14,13438
66,2022,443,49.56,iPhone 11,8412
93,2021,280,9.67,iPhone 11 Pro,14396
64,2020,542,2.94,iPhone 13,7433
77,2021,867,3.54,iPhone 13 Pro,14633
64,2022,727,1.04,iPhone 15,18798
83,2023,806,47.5,iPhone 15,29425
80,2018,609,19.13,iPhone 13 Pro,2000
64,2021,261,13.37,iPhone 13,12132
60,2020,154,1.92,iPhone 12,6654
77,2019,780,38.19,iPhone 15,2000
100,2022,397,30.89,iPhone 12,23206
86,2018,800,5.96,iPhone 12 Pro,2000
100,2022,242,17.2,iPhone 13 Pro,32140
87,2021,126,1.24,iPhone SE (3rd Gen),10378
74,2022,241,30.04,iPhone 14 Pro,24953
87,2022,930,2.08,iPhone 11 Pro,14736
81,2020,925,49.51,iPhone 15,5424
67,2018,569,48.76,iPhone 11 Pro,2000
86,2019,244,19.3,iPhone 12 Pro,3765
77,2018,522,6.22,iPhone 13 Pro,2000
87,2021,175,43.32,iPhone 14,16974
90,2022,972,2.71,iPhone 15 Pro,29794
100,2022,115,26.42,iPhone 11 Pro,20679
81,2019,599,36.12,iPhone 11 Pro,2000
72,2020,402,33.12,iPhone 11 Pro,5544
79,2020,357,39.64,iPhone 13,7893
93,2019,458,47.12,iPhone 12 Pro,2759
99,2019,258,17.89,iPhone 11,2076
74,2020,122,43.0,iPhone 13,7100
98,2022,474,19.19,iPhone 12,23296
70,2023,741,21.44,iPhone 14,23468
84,2019,771,49.99,iPhone SE (2nd Gen),2000
86,2022,322,26.45,iPhone 12 Pro,24693
91,2020,437,43.61,iPhone 15,11470
77,2019,599,0.55,iPhone 13 Pro,3603
99,2023,469,22.32,iPhone 14 Pro,43929
62,2021,934,47.29,iPhone 14,6936
86,2022,701,40.25,iPhone 12,17263
100,2021,720,11.33,iPhone 11 Pro,13234
87,2021,582,22.58,iPhone 11,8491
81,2020,911,46.04,iPhone 11 Pro,2000
77,2020,161,46.4,iPhone 15 Pro,11155
85,2023,586,30.02,iPhone 15,33339
75,2022,320,43.69,iPhone 13 Pro,22566
61,2018,375,45.81,iPhone 11 Pro,2000
68,2018,320,23.13,iPhone 15 Pro,2000
86,2021,462,39.88,iPhone 15 Pro,22086
93,2020,226,3.73,iPhone 11,6788
79,2023,120,21.74,iPhone 11 Pro,21033
85,2022,618,48.42,iPhone 12,17437
76,2021,510,1.88,iPhone 12,13486
100,2022,179,15.25,iPhone 13,26738
60,2023,697,43.72,iPhone 15 Pro,25244
80,2021,641,8.01,iPhone 14 Pro,18990
79,2021,633,36.69,iPhone 12 Pro,14216
77,2019,590,45.08,iPhone 14 Pro,2000
98,2021,492,5.76,iPhone 15,23232
71,2019,412,46.04,iPhone 13 Pro,2000
62,2018,115,7.2,iPhone 13 Pro,2000
72,2022,399,36.18,iPhone 12 Pro,19971
77,2023,471,37.91,iPhone 13,25054
88,2023,213,12.19,iPhone SE (3rd Gen),17870
80,2022,696,17.57,iPhone 14,21362
88,2019,241,23.65,iPhone 11,2000
98,2018,634,12.33,iPhone 11 Pro,2000
80,2022,150,24.22,iPhone 15,25189
